no,Tgl_Iklan,url,Harga_juta,Kota_Provinsi,Luas_Tanah,Luas_Bangunan,KT,KM,KTP,KMP,Carport,Garasi,Listrik,Surat,Judul,Deskripsi
1,08/04/2021,https://www.realoka.com/82784-dijual-disewa-rumah-di-citraland-ambon-pr1699,1200,"Ambon, Maluku",135,70,2,2,1,0,1,0,1300,SHM,Dijual Disewa Rumah di Citraland Ambon Pr1699,"Peminat Serius Hubungi:
Ibu Ata
0851-01268003
0817-6882357

Dijual / Disewa Rumah di Citraland Ambon
Lokasi Strategis :
Di dalam Kompleks : Security 24 jam, Sekolah Citra Kasih, ATM Bank, Citraland Waterpark
5 menit dari Mall Ambon City Center
15 menit dari Plan Siloam Hospital
15 menit dari Jembatan Merah Putih
30 menit dari Bandara Pattimura
Furnished : Semi Furnished (1 Spring Bed, 2 Lemari Pakaian, 1 Meja TV, 1 Kulkas 2 pintu, 1 Mesin Cuci, 1 AC, Indovision)

Alamat:
Komplek Citraland, Cluster Rotterdam R2/05, Kel. Lateri, Kec. Baguala, Kota Ambon"
2,04/04/2021,https://www.olx.co.id/item/rumah-di-citraland-ambon-iid-810193886,1110,"Ambon, Maluku",135,70,3,2,0,0,1,0,,SHM,Rumah di Citraland Ambon,"Pemilik langsung, tanpa perantara. Lokasi Strategis : 1). Di dalam Kompleks : Security 24 jam, Sekolah Citra Kasih, ATM Bank, Citraland Waterpark. 2). 5 menit dari Mall Ambon City Center. 3). 15 menit dari Plan Siloam Hospital. 4). 15 menit dari Jembatan Merah Putih. 5). 30 menit dari Bandara Pattimura. Furnished : Semi Furnished (1 Spring Bed, 2 Lemari Pakaian, 1 Meja TV, 1 Kulkas 2 pintu, 1 Mesin Cuci, 1 AC, Indovision."
3,22/03/2021,https://www.olx.co.id/item/di-jual-rumah-tinggal-di-btn-indah-tual-iid-823279775,2100,"Tual, Maluku",875,220,3,3,0,0,1,1,2200,SHM,Di Jual Rumah Tinggal Di BTN Indah Tual,Sertifikat SHM ( Sertifikat Hak Milik ). Harga Rp 2.100.000.000/ Nego
4,17/03/2021,https://rumah.trovit.co.id/listing/rumah-belanda-sayap-riau-terawat-belitung-ambon-maluku-sayap-riau.HKz173s1h1i,12000,"Ambon, Maluku",360,300,5,2,0,0,3,0,,,"Rumah Belanda Sayap Riau Terawat, Belitung, Ambon, Maluku, Sayap Riau","Luas Tanah 360m Bangunan 300m Kamar Tidur 5 Mandi 2 SHM Carport 3 Harga 12M Contact STELLA - 081910555435 Discovery Property jual rumah di jln belitun , House"
5,17/03/2021,https://rumah.trovit.co.id/listing/dijual-rumah-potensi-pebisnis.7Cr1qNc1UF,1250,Maluku Tengah,120,542,3,2,0,0,0,0,,SHM,Dijual Rumah Potensi Pebisnis,"Jual Rumah 3Kamar, 2 kamar mandi
Spesifikasi :
LT 120 M2
LB 54 M2

Dinding double (bata merah)
Atap Rangka kayu
Pintu Panel
Kusen Meranti
Air sanyo, ada toren 1
Lengkap dengan listrik
Surat SHM ( sertifikat hak milik ) , mobil masuk
Akses
di Jl setia mekar
Dilalui Koasi 34

Nilai Lebih memiliki property ini :
Rumah (terdiri dari 1 ruang tamu, 3 kamar tidur, 2kamar mandi dalam, meja kompor , tempat cuci piring)
Dekat dengan Rumah sakit : Klinik, Alfamart, Rumah Sakit ,Pom Bensin, sekolah dan kantor kelurahan
Lokasi hunian akses komplek perumnas 3
Akses yang mudah
lokasi padat penduduk, bebas banjir, strategis dan sangat cocok untuk investasi bisnis"
6,14/03/2021,https://www.dotproperty.id/rumah-dijual-dengan-5-kamar-tidur-di-karang-panjang-maluku_6461182?utm_source=Trovit&utm_medium=CPC&utm_campaign=premium,15000,"Ambon, Maluku",500,255,5,4,0,0,0,6,4400,SHM,"Rumah dijual Cepat Tanpa Perantara-SHM, Karang Panjang","Rumah dijual dengan 5 kamar tidur di Karang Panjang, Maluku
Rumah dijual Cepat tanpa Perantara, lokasi dekat Kantor Pemerintahan. Sertifikat SHM. Cocok untuk bisnis, kantor, Hotel karena daratan tinggi-view ke laut. atau untuk rumah keluarga Besar. Jika minat boleh Hub (kosong delapan satu dua seratus triple satu enam empat) anytime.
LT : 500 M, LB : 255 M.

Ruangan Terdiri dari =

K.Tidur : 5, K.Mandi Kamar : 2, K.Mandi Luar : 3
Ruang Kerja 1 + Ruang Meeting 1 
Ruang Kemanan (security) : 1 + Kamar Mandi. (samping Garasi)
Ruang Terbuka : Ruang Tamu 1, Ruang Keluarga 1, Ruang Karaoke 
Taman =

Taman Depan ; Parkiran Muat 6 Mobil. Kebun , Kolam Ikan
Taman Samping Kiri : Ruang Terbuka Cuci baju dan Jemuran
Taman Samping Kanan : Tower Baja + Toren Air 2200 L
Taman Belakang : Ruangan Genset + Mesin Genset 4400 watt. Taman =

Taman Depan ; Parkiran Muat 6 Mobil. Kebun , Kolam Ikan
Taman Samping Kiri : Ruang Terbuka Cuci baju dan Jemuran
Taman Samping Kanan : Tower Baja + Toren Air 2200 L
Taman Belakang : Ruangan Genset + Mesin Genset 4400 watt
Komposisi Rumah =

Akses masuk Rumah Aspal Hot mix
Bangunan beton, Lantai Marmer, Atap baja ringan
PBB terakhir 2021 (aman)
Air PDAM, Listrik Token 4400 watt
Semi Furnished : Ac 4, bed set 5, Wastafel, Bath tube, Kitchen set, Lampu gantung, dan peraltan lainnya.
Akses Jalan =

Depan Kantor BNN
Dekat Gedung DPRD tingkat 1. 
Dekat rumah DINAS Walikota Ambon & Rumah Dinas WaGub Maluku & Dekat Kantor DPD GOLKAR & Rumah Dinas Ketua Kejati Ambon. 
Dekat Balai Pertemuan Pemerintahan (GD Siwa 5)
Dekat SMK Negri 1 Ambon
Samping Jalan Perumahan Bank Indonesia
2 km dari Kota Ambon. 
Sport Hall ( lapangan Bola, Lapangan Tenis)"
7,10/03/2021,https://www.99.co/id/properti/rumah-dijual-1-1mily-sirimau-jalan-730887949,1100,"Ambon, Maluku",134,250,3,2,0,0,0,0,2200,SHM,"Rumah Murah di karang panjang, Ambon Maluku","Dijual rumah Murah di Karang Panjang ambon Maluku Lokasi strtaegis di pusat kota ambon sangat dekat dengan pusat pemerintahan kota ambon bangunan 2 lantai
kamar tidur : 3
Kamar mandi : 2
Luas Tanah 134 Sangat dekat dengan pusat kota Ambon, perkantoran, sekolah, mal, Tempat ibadah dll 
Lokasi di lalui Angktan umum harga Nego"
8,08/03/2021,https://rumah.trovit.co.id/listing/rumah-dengan-halaman-luas.L8SSH1RX19,2000,Maluku Utara,4002,,7,4,0,0,2,0,,SHM,Rumah dengan Halaman Luas,"Rumah pribadi di huni sejak th 1990,akses jalan dari depan Gg pribadi bersurat.

Lokasi di jalur utama 2 dari Jl pangeran Antasari (jl. Pulau bacan), strategis dekat mau kemana aja, air lancar, lingkungan baik amat sangat bagus untuk rumah tinggal, dekat dengan masjid dan majelis, berpotensi bisa dikembangkan untuk membuat bedengan atau kontrakan,jauh dari banjir."
9,08/03/2021,https://rumah.trovit.co.id/listing/rumah-dijual-citraland-ambon-bay-view-city-angsuran-dp-10-jt-6x-dan-kpr-5-jt.1SzsRm1Lnb,667,"Ambon, Maluku",,,2,1,0,0,0,0,,,RUMAH DIJUAL: CitraLand Ambon (Bay View City) - Angsuran DP 10 Jt (6x) dan KPR 5 Jt,"5 menit ke PLN, Mal Ambon City Center, Rumah Sakit Hative, Plasa Telkom Passo dan SPBU Lateri
15 menit ke Bank Mandiri Kantor Cabang Universitas Pattimura, Pos Indonesia Rumah Tiga, Hotel SwissBell, Masjid Nurul Hidayah Latta, Sekolah Menengah Pertama 16 dan Sekolah Menengah Atas Siwalima
30 menit ke Gelanggang Olahraga Putra Bone, Ikindo, Kantor Kecamatan Leitimur Selatan, Imigrasi kelas 1, KPP Pratama Pattimura, Museum Siwalima dan Universitas Pattimura

Transportasi
5 km atau 15 menit ke Pelabuhan Ferry Galala
25 km atau 30 menit ke Bandara Internasional Pattimura"
10,08/03/2021,https://rumah.trovit.co.id/listing/perumahan-baru-cluster-griya-samara-kota-merauke.191V_61Y1t1118,422,"Ternate, Maluku Utara",,452,2,1,0,0,0,0,,,Perumahan Baru Cluster Griya Samara Kota Merauke,"Perumahan baru dengan konsep keamanan satu pintu (one gate system), memberikan suasana lingkungan yang nyaman dan asri dengan kemandirian komplek serta rumah berkualitas untuk mewujudkan impian dan investasi masa depan keluarga anda. Kami membangun dengan sepenuh hati. Lokasi strategis di dalam Kota Merauke,
~ 3 menit ke sekolah YAPIS
~ 4 menit ke sma N 2 Merauke
~ 7 menit ke spbu Noari
~ 8 menit ke sekolah alam kudus
~ 10 menit ke rsud/Bank Mandiri
~ 15 menit ke wisata lampu satu
terdapat 4 type 60/140 dan 6 type 45/120 serta 2 type 55/130.
Ini bukan perumahan BTN tapi perumahan Pribadi, karena kualitas bangunan sangat diutamakan...harga mulai 422 jt, DP min 15%...hayoo..investasi rumah buat masa depan.."
11,08/03/2021,https://www.dotproperty.id/rumah-dijual-dengan-6-kamar-tidur-di-rijali-maluku_4972079?utm_source=Trovit&utm_medium=CPC&utm_campaign=premium,12000,"Ambon, Maluku",428,,6,2,0,0,1,0,,,rumah strategis depan jalan raya utama kota ambon dan berhadapan dengan gedung DPRD,"Rumah dijual dengan 6 kamar tidur di Rijali, Maluku.Rumah Dijual, yang terdiri dari 6 kamar tidur dan 2 kamar mandi berlokasi di Rijali, Ambon.Fasilitasi meliputi: Parkir."
12,08/03/2021,https://www.realoka.com/90543-jual-rumah-murah-cepat-nego,350,"Ambon, Maluku",1100,900,3,1,0,0,0,0,,SHM,Jual Rumah Murah Cepat Nego,"Jual cepat rumah daerah stategis! Terletak di pandan kasturi (belakang kantor brimob besar) , Dekat jalan raya, di kelilingi mall, hotel, perkantoran, sekolah, akses kendaraan umum mudah. Untuk info lebih lanjut silahkan hub ibu meity : 081344969734/085243254825 (tanpa perantara)

Hanya untuk pembeli yg serius!! Thx realoka"
13,07/03/2021,https://www.olx.co.id/item/jual-bangunan-dan-tanah-depan-pintu-masuk-rektorat-kampus-pattimura-iid-758224304,3500,"Ambon, Maluku",387,85,10,4,0,0,0,0,,SHM,Jual bangunan dan tanah Depan pintu masuk rektorat kampus Pattimura,"Luas tanah 387 m2. Bangunan 85 m2. Sertifikat SHM. Ahli waris aman...Posisi rumah di Eks Pemda 1 Poka. 10 meter dari jalan raya depan Kampus Unipatty.1 toko (2 kamar+ 1wc), rumah induk (8 kamar, 3 kamar mandi) saat ini dijadikan kos kosan, kualitas Air bagus, posisi depan kampus universitas patimura ( rektorat), dekat RSUP dan RS.siloam, dekat mall MCM dan jembatan merah putih, ke bandara hanya 20 menit, pusat kota 5 menit. Direkomendasikan untuk investasi, rumah kos, penginapan backpaker, atau untuk kantor organisasi masyarakat dan partai. Dijual tanpa perantara dari tangan pertama. Untuk survei lokasi bisa dengan perjanjian terlebih dahulu"
14,07/03/2021,https://www.olx.co.id/item/rumah-di-jual-tanpa-perantara-iid-821438681,12000,"Ambon, Maluku",500,250,5,4,1,1,1,5,4400,SHM,Rumah di jual tanpa perantara,"Rumah dijual Cepat tanpa Perantara, lokasi dekat Kantor Pemerintahan. Sertifikat SHM. Cocok untuk bisnis, kantor, Hotel karena daratan tinggi-view ke laut. atau untuk rumah keluarga Besar. LT : 500 M, LB : 255 M. Ruangan Terdiri dari = K.Tidur : 5, K.Mandi Kamar : 2, K.Mandi Luar : 3 .Ruang Kerja 1 + Ruang Meeting 1Ruang Kemanan (security) : 1 + Kamar Mandi. (samping Garasi) Ruang Terbuka : Ruang Tamu 1, Ruang Keluarga1 Ruang Karaoke Taman. Taman Depan ; Parkiran Muat 6 Mobil. Kebun , Kolam Ikan. Taman Samping Kiri : Ruang Terbuka Cuci baju dan Jemuran. Taman Samping Kanan : Tower Baja + Toren Air 2200 L. Taman Belakang : Ruangan Genset + Mesin Genset 4400 watt. Komposisi Rumah Akses masuk Rumah Aspal Hot mix. Bangunan beton, Lantai Marmer, Atap baja ringan. PBB terakhir 2021 (aman). Air PDAM, Listrik Token 4400 watt. Semi Furnished : Ac 4, bed set 5, Wastafel, Bath tube, Kitchen set, Lampu gantung, dan peraltan lainnya. Akses Jalan Depan Kantor BNI. Dekat Gedung DPRD tingkat 1.Dekat rumah DINAS Walikota Ambon & Rumah Dinas WaGub Maluku & Dekat Kantor DPD GOLKAR & Rumah Dinas Ketua Kejati Ambon.Dekat Balai Pertemuan Pemerintahan (GD Siwa 5). Dekat SMK Negri 1 Ambon. Samping Jalan Perumahan Bank Indonesia, 2 km dari Kota Ambon.
Sport Hall ( lapangan Bola, Lapangan Tenis)."
15,07/03/2021,https://rumah.trovit.co.id/listing/dijual-murah-rumah-hunian-lokasi-stategis.MtF14G1J1-1c,280,"Ternate, Maluku Utara",902,902,2,1,0,0,1,0,,SHM,Dijual Murah Rumah Hunian Lokasi Stategis,"Di jual rumah strategis,dekat dengan pusat kota,harga nego..soal nya lagi BU..bagi yang serius bisa chat via wa ke 085729847390"
16,06/03/2021,https://www.olx.co.id/item/jual-rumah-di-kota-ambon-iid-806704486,470,"Ambon, Maluku",81,80,2,2,0,0,1,0,1300,SHM,Jual Rumah di Kota Ambon,"Dijual rumah tinggal siap huni. Bagi yang berminat sila hubungi nomor yang tertera dalam gambar. Keterangan: Rumah BTN Wayame. Jl. Gunung Nona, Blok III Baru, No. 98. 2 kamar tidur. 2 kamar mandi. Ruang tamu, ruang keluarga, ruang cuci. Ruang makan dan dapur. +/- 15 menit dari Bandara Pattimura. +/- 10 menit ke Jembatan Merah Putih. +/- 100 meter dari SD/TK. +/- 500 meter ke Masjid jg Gereja. +/- 100 meter ke Pasar Wayame Fasilitas rumah: # Penampungan Air 1200 lt.# Listrik 1300 V# PDAM, dua kali ngalir sehari# 1 lemari 3 pintu # 1 AC Samsung # 1 Spring bed. # 1 Set kursi tamu # 1 Meja kerja # Pagar keliling # Sertifikat SHM Hubungi : 081245772601. 081224397896"
17,04/03/2021,https://www.rumah123.com/properti/ternate/hos7997446/,5000,"Ternate, Maluku Utara",214,100,5,4,0,0,4,0,2200,SHM,rumah dan 2 ruko | #0058,"Kode Iklan #0058 RUMAH 2 lantai plus 2 ruko depan jalan raya utama dan depan hotel berbintang 5 untuk info lebih lanjut, hubungi 085268951009 Kode Iklan #0058"
18,03/03/2021,https://rumah.trovit.co.id/listing/rumah-dijual-ternate-maluku-utara.1V141taC1o10I,400,"Ternate, Maluku Utara",89,60,2,2,0,0,1,0,,,Rumah dijual: - ternate (maluku utara),"di jual rmh 2 kmr tidur connecting, 1 kmr mndi dlm, 1 kmr mndi luar, dapur luas, luas tanah 89m 2 , bangunan 60m 2 , sertifikat atas nama pribadi, masuk mobil, ada halaman dan tmpt parkir mobil, di dlm kompleks dan security 24 jam, include semi furnish (1springbed, 1 water heater, 1 ac, kulkas 2 pintu, lemari 2 pintu, meja dan kursi, peralatan dapur, tv lcd)
harga 400jt nego tipis"
19,02/03/2021,https://www.dotproperty.id/rumah-dijual-dengan-2-kamar-tidur-di-maluku_5494791?utm_source=Trovit&utm_medium=CPC&utm_campaign=premium,2250,Maluku,99,99,2,2,0,0,0,0,,SHM,"CEPAT !! RUMAH SIAP HUNI di Sunter Agung ,Jln 2Mbl ,NEGO","Rumah dijual dengan 2 kamar tidur di Maluku
Dijual cepat !! Rumah siap huni di Sunter Agung , kondisi rumah sangat OK dan rapi ,jalanan depan rumah muat 2 mobil , harga bisa nego dan bisa dibantu KPR sampai goal

- Ukuran Lt. 9x11m2

- Hadap Utara

- Sertifikat Hak Milik"
20,02/03/2021,https://rumah.trovit.co.id/listing/crystal-town-house-termewah.j1Eh1hO1i1l18,799,Maluku,962,962,3,2,0,0,0,0,,,Crystal Town House Termewah,"Rumah 2 lantai yang berada dikawasan bisnis dan pemerintahan mudah di akses bebas banjir dan free BBN, BPHTB, AJB dan biaya surat-surat lainnya. Fasilitas yang bisa dinikmati antara lain clubhouse, jogging track, foodcity, musholla dll"
21,26/02/2021,https://www.olx.co.id/item/tanah-dan-bangunan-depan-jalan-utama-iid-820392321,780,"Ambon, Maluku",168,100,4,2,0,0,1,0,,HGB,Tanah dan Bangunan Depan Jalan Utama,"Lokasi strategis tepat di Depan Jalan Utama, bekas Toko, tapi lagi di kontrak 25jta/tahun selama 3tahun, sisa 2tahun lebih, bisa di potong dari harga jual.. 3 kamar, dapur, Ruang Tamu, Ruang Toko luas, 2 kmar mandi, Luas Tanah 168M2, bangunan +- 100M2 Air Sumur Bor.. Cocok Untuk Usaha atau di Investasikan.."
22,09/02/2021,https://www.olx.co.id/item/dijual-rumah-tinggal-2-lantai-plus-perabot-iid-818212752,3200,"Ambon, Maluku",300,300,4,4,0,0,1,1,,SHM,DIJUAL : RUMAH TINGGAL 2 LANTAI PLUS PERABOT,Kondisi rumah terawat
23,01/02/2021,https://www.olx.co.id/item/dijual-cepat-rumah-kos-usaha-air-minum-isi-ulang-iid-801379227,2200,"Ambon, Maluku",195,280,8,5,0,0,2,0,900,SHM,Dijual cepat rumah + kos + usaha air minum isi ulang,Rumah tinggal + usaha kos2an + usaha air minum isi ulang. Bangunan baru renovasi tahun 2018 Fasilitas : - 8 kamar tidur - 5 kamar mandi - 2 kamar tidur utama - Masing2 kamar kos sudah difasilitasi springbed + lemari + token listrik 900 watt + AC (2 kamar)- air sumur bor - Posisi di hook -Kos2an sudah berjalan- Usaha air minum isi ulang sudah berjalan. Lokasi sangat strategis : -Depan Universitas Patimura -depan fakultas hukum Universitas Pattimura dan mesjid kampus Unpatti -20 menit ke Bandara Internasional Pattimura -5 menit (2 km) ke jembatan merah putih - 7 menit ke Maluku City Mall. Detil info lokasi & shareloc hubungi no WA di bio Harga nego
24,31/01/2021,https://www.olx.co.id/item/dijual-rumah-di-jl-air-salobar-sk-5528-maluku-ambon-iid-760706441,2200,"Ambon, Maluku",720,630,5,2,0,0,1,2,,SHM,Dijual Rumah di Jl. Air Salobar SK 55/28 Maluku – Ambon,Dijual Rumah Sertifikat Hak Milik dengan luas 720 M2
25,22/01/2021,https://www.olx.co.id/item/rumah-prospek-banget-masih-bisa-nego-lokasi-strategis-ruko-kosan-iid-815993715,2400,"Ambon, Maluku",800,660,6,5,0,0,8,1,,SHM,Rumah prospek banget Masih bisa Nego - Lokasi strategis + Ruko + kosan,"Yang Bantu Jualkan dapat 1% Dari Harga Jual (klw kali bisa Puluhan Juta). Rumah keluarga Dan Prospek banget untuk Bisnis di Lokasi Strategis Kota Ambon. Ada Ruko : Bisa untuk cafe, Laundry, Dan Supermarket ataupun Warung Lainnya. Include Kamar kos2an, langsung dapat bulanan dari sewa kamar. Detailnya silahkan baca di bawah !!! - tipe : rumah Luas bangunan : 660 Luas tanah : 800 Kamar tidur : 6 (3 kamar ada AC) Kamar mandi : 5 (ada 2 kamar yang Wc dalam). Lantai : 2. Fasilitas : AC, carport, garasi, usaha kos2an, dan Warkop Kamar kosan : 9 kamar kosan (posisi di belakang rumah, 2 lantai) Parkiran kosan : bisa sampai 8 unit mobil Parkiran rumah : 1 mobil. Posisi Warkop tepat samping rumah. Sertifikat : SHM. Alamat lokasi : Jl harapan Jaya (gunung Malintang)"
26,18/01/2021,https://www.olx.co.id/item/jual-rumah-siap-pakai-btn-kebun-cengkeh-ambon-iid-803695783,650,"Ambon, Maluku",120,120,3,1,0,0,0,0,,SHM,"Jual Rumah siap Pakai BTN Kebun Cengkeh, Ambon","Rumah layak pakai, ukuran lebih besar dari rumah standar BTN kebun Cengkeh. Bisa dinego"
27,20/12/2020,https://www.99.co/id/properti/rumah-dijual-550jt-teluk-ambon-221603380,550,"Ambon, Maluku",100,36,2,1,0,0,1,0,2200,SHM,Jual rmh +kelebihan tanah + ac,"lokasi perumahan bliss village lateri bebas macet+bebas banjir, dekt pusat kota, pusat belanja modern+tradisional,pusat study,akses mudah ke bandara,"
28,20/12/2020,https://www.99.co/id/properti/rumah-dijual-700jt-teluk-ambon-881867880,700,"Ambon, Maluku",100,36,2,1,0,0,1,0,2200,SHM,Jual rumah bebas banjir nyaman asri aman,-
29,10/10/2020,https://www.rumahku.com/p/J9XWG001/rumah-dijual-aha-pulau-morotai-97771,155,"Aha, Pulau Morotai, Maluku Utara",120,36,2,1,0,0,1,0,2200,SHM,Falila Residence Morotai,"Jababeka Morotai adalah Badan Usaha yang ditunjuk oleh Pemerintah untuk mengembang KEK Morotai. Salah satu produk dari Jababeka Morotai adalah Perumahan Falila Residence. Dapatkan berbagai fasilitas menarik dengan membeli produk rumah dari Jababeka Morotai. Pembayaran dapat dilakukan dengan cash keras, cash bertahap dan KPR. Untuk info lebih lanjut, silahkan hubungi kami."
30,10/08/2020,http://citralandambon.com/read/2019/03/22/28/JADE__LB__43_m2_%7C_LT__90_m2__,746,"Ambon, Maluku",90,43,2,1,0,0,1,0,1300,SHM,JADE (LB. 43 M2 | LT. 90 M2),"SPESIFIKASI BANGUNAN 

PONDASI : Batu Karang Padat (Lt 1), Beton Bertulang (Lt 2) 

STRUKTUR : Beton Bertulang 

DINDING : Bata Ringan + Plester + Aci + Cat 

KUSEN & DAUN : Alumunium Finishing Cat Powder Coating 

PINTU/JENDELA : Engineering Door 

ATAP : Rangka Baja Ringan, Penutup Genteng 

PLAFOND : Rangka Metal Furing Penutup Gypsumboard 

LANTAI : Granit Tile 

SANITARY : Ex Toto / Setara 

LISTRIK : 1.300 / 2,200 Watt 

AIR BERSIH : Jaringan Sentral CitraLand Ambon 

INFRASTRUKTUR : Utilitas Bawah Tanah"
31,10/08/2020,http://citralandambon.com/read/2019/03/22/29/EMERALD__LB__59_m2_%7C_LT__105_m2_,941,"Ambon, Maluku",105,59,2,1,0,0,1,0,1300,SHM,EMERALD (LB. 59 M2 | LT. 105 M2),"SPESIFIKASI BANGUNAN, PONDASI : Batu Karang Padat (Lt 1), Beton Bertulang (Lt 2), STRUKTUR : Beton Bertulang, DINDING : Bata Ringan + Plester + Aci + Cat, KUSEN & DAUN : Alumunium Finishing Cat Powder Coating, PINTU/JENDELA : Engineering Door, ATAP : Rangka Baja Ringan, Penutup Genteng, PLAFOND : Rangka Metal Furing Penutup Gypsumboard, LANTAI : Granit Tile, SANITARY : Ex Toto / Setara, LISTRIK : 1.300 / 2,200 Watt, AIR BERSIH : Jaringan Sentral CitraLand Ambon, INFRASTRUKTUR : Utilitas Bawah Tanah"
32,10/08/2020,http://citralandambon.com/read/2019/03/22/30/RUBY__LB__63_m2_%7C_LT__120_m2_,1033,"Ambon, Maluku",120,63,2,1,0,0,1,0,1300,SHM,RUBY (LB. 63 M2 | LT. 120 M2),"SPESIFIKASI BANGUNAN

PONDASI : Batu Karang Padat (Lt 1), Beton Bertulang (Lt 2)

STRUKTUR : Beton Bertulang

DINDING : Bata Ringan + Plester + Aci + Cat

KUSEN & DAUN : Alumunium Finishing Cat Powder Coating

PINTU/JENDELA : Engineering Door

ATAP : Rangka Baja Ringan, Penutup Genteng

PLAFOND : Rangka Metal Furing Penutup Gypsumboard

LANTAI : Granit Tile

SANITARY : Ex Toto / Setara

LISTRIK : 1.300 / 2,200 Watt

AIR BERSIH : Jaringan Sentral CitraLand Ambon

INFRASTRUKTUR : Utilitas Bawah Tanah"
33,10/08/2020,http://citralandambon.com/read/2019/03/22/31/SAPPHIRE__LB__70_m2_%7C_LT__135_m2_,1130,"Ambon, Maluku",135,72,2,1,1,1,1,0,1300,SHM,SAPPHIRE (LB. 70 M2 | LT. 135 M2),"SPESIFIKASI BANGUNAN 

PONDASI : Batu Karang Padat (Lt 1), Beton Bertulang (Lt 2) 

STRUKTUR : Beton Bertulang 

DINDING : Bata Ringan + Plester + Aci + Cat 

KUSEN & DAUN : Alumunium Finishing Cat Powder Coating 

PINTU/JENDELA : Engineering Door 

ATAP : Rangka Baja Ringan, Penutup Genteng 

PLAFOND : Rangka Metal Furing Penutup Gypsumboard 

LANTAI : Granit Tile 

SANITARY : Ex Toto / Setara 

LISTRIK : 1.300 / 2,200 Watt 

AIR BERSIH : Jaringan Sentral CitraLand Ambon 

INFRASTRUKTUR : Utilitas Bawah Tanah"
34,10/08/2020,http://citralandambon.com/read/2019/03/22/32/DIAMOND__LB__100_m2_%7C_LT__200_m2_,1975,"Ambon, Maluku",200,100,3,2,0,0,2,0,1300,SHM,DIAMOND (LB. 100 M2 | LT. 200 M2),"SPESIFIKASI BANGUNAN 

PONDASI : Batu Karang Padat (Lt 1), Beton Bertulang (Lt 2) 

STRUKTUR : Beton Bertulang 

DINDING : Bata Ringan + Plester + Aci + Cat 

KUSEN & DAUN : Alumunium Finishing Cat Powder Coating 

PINTU/JENDELA : Engineering Door 

ATAP : Rangka Baja Ringan, Penutup Genteng 

PLAFOND : Rangka Metal Furing Penutup Gypsumboard 

LANTAI : Granit Tile 

SANITARY : Ex Toto / Setara 

LISTRIK : 1.300 / 2,200 Watt 

AIR BERSIH : Jaringan Sentral CitraLand Ambon 

INFRASTRUKTUR : Utilitas Bawah Tanah"
35,13/04/2020,https://www.rumahku.com/p/YXL7T001/rumah-dijual-rijali-ambon-97123,12000,"Ambon, Maluku",428,150,6,2,0,0,0,6,,SHM,rumah luas depan jalan raya berhadapan dengan gedung dprd,cocok buat para investor yang ingin berbisnis properti. keuntungan bisa berlipat kali ganda.lokasi didepan jalan raya utama kota ambon dan berhadapan dengan gedung DPRD kota ambon.
36,26/07/2019,https://www.rumah123.com/properti/ambon/hos4791312/,650,"Ambon, Maluku",193,30,1,1,0,0,0,0,1300,SHM,"murah bth cepat laku!! waitatiri ambon, strategis, jalan provinsi",Rumah Dijual Ambon
37,12/06/2019,https://dagymoiproperti.wordpress.com/2019/06/12/opening-soon-shafira-residence-kel-ngade-ternate/,451,"Ternate, Maluku Utara",105,70,3,2,0,0,1,0,1300,SHM,"Perumahan Shafira Residence – kel. Ngade, Ternate","Perumahan yang berlokasi di Selatan Kota Ternate, tepatnya di Kel.Ngade. lokasi sangat strategis…Type 70

Luas Tanah 105m2"
38,12/06/2019,https://dagymoiproperti.wordpress.com/2019/06/12/opening-soon-shafira-residence-kel-ngade-ternate/,168,"Ternate, Maluku Utara",85,36,2,1,0,0,1,0,1300,SHM,"Perumahan Shafira Residence – kel. Ngade, Ternate","Perumahan yang berlokasi di Selatan Kota Ternate, tepatnya di Kel.Ngade. lokasi sangat strategis…Type 36/85

2 kamar tidur

1 kamar mandi

1 ruang tamu/ruang keluarga

Carport

Taman"
39,07/05/2019,https://dagymoiproperti.wordpress.com/2019/05/07/segera-dibuka-perumahan-dagymoi-green-park-ii/,168,"Ternate, Maluku Utara",85,36,2,1,0,0,1,0,1300,AJB/BPHTB,,"Perumahan dengan Harga Jual Subsidi type 36/85 berlokasi hanya 5 menit dari Bandara Sultan Babullah Ternate, Insha Allah lokasi aman dan bebas banjir. unit terbatas.."
40,07/05/2019,https://dagymoiproperti.wordpress.com/2019/05/07/perumahan-bhayangkara-grha-dagymoi-tubo/,168,"Ternate, Maluku Utara",84,36,2,1,0,0,1,0,1300,,"Soft Launching Perumahan Bhayangkara Grha Dgymoi, Tubo","Perumahan dengan harga Jual Subsidi Type 36/85, Berlokasi di Kelurahan Tubo, hanya 5 menit dari Bandara Sultan Babullah Ternate dan kampus Universitas Khairun Akehuda, Ternate. Harga Belum Termasuk Biaya Administrasi biaya Administrasi bisa dicicil selama pembangunan Rumah"
41,07/05/2019,https://dagymoiproperti.wordpress.com/2019/05/07/segera-dibuka-perumahan-khalifa-land-sangaji-utara/,168,"Ternate, Maluku Utara",84,36,2,1,0,0,1,0,1300,,"Perumahan Sultan Residence - Kel. Sangaji Utara - Dufa2, Ternate","Perumahan dengan harga Jual Subsidi type 36/85 yang akan segera dibangun dan berlokasi strategis di Utara Kota Ternate, yaitu kelurahan Sangaji Utara berbatasan dengan Kel. Dufa2. Insha Allah menjadi perumahan subsidi terbesat di Ternate karena akan dibangun lebih dari 200unit. Segera dapatkan unitnya.."
42,23/07/2018,https://dagymoiproperti.wordpress.com/2018/07/23/perumahan-subsidi-dagymoi-green-park-tubo/,168,"Ternate, Maluku Utara",85,36,2,1,0,0,1,0,,AJB/BPHTB,"Perumahan Subsidi Dagymoi Green Park I, Tubo","Perumahan dengan Harga Jual Subsidi type 36/85 berlokasi hanya 5 menit dari Bandara Sultan Babullah Ternate, Insha Allah lokasi aman dan bebas banjir. Harga Jual belum termasuk biaya Administrasi Akad. Harga sudah termasuk IMB, PLN & PDAM. Denah type 36. Luas Bangunan 36m2. Luas Tanah 85m2. Prespektif Type 36/87"
43,04/07/2018,https://dagymoiproperti.wordpress.com/2018/07/04/perumahan-dagymoi-green-village-soa-puncak-ternate/,288,"Ternate, Maluku Utara",84,40,2,1,0,0,1,0,,SHM,"Update Harga Perumahan Dagymoi Green Village, Soa Puncak Ternate","Sertifikat Hak Milik 
➡2 kamar tidur 
➡1 kamar mandi 
➡ruang tamu 
➡ruang keluarga 
➡teras belakang large 
➡carport 
➡taman"
44,04/07/2018,https://dagymoiproperti.wordpress.com/2018/07/04/perumahan-dagymoi-green-village-soa-puncak-ternate/,316,"Ternate, Maluku Utara",84,45,2,1,0,0,1,0,,SHM,"Update Harga Perumahan Dagymoi Green Village, Soa Puncak Ternate","Sertifikat Hak Milik 
➡2 kamar tidur 
➡1 kamar mandi 
➡ruang tamu large 
➡ruang keluarga large 
➡teras belakang large 
➡carport 
➡taman"
45,04/07/2018,https://dagymoiproperti.wordpress.com/2018/07/04/perumahan-dagymoi-green-village-soa-puncak-ternate/,495,"Ternate, Maluku Utara",98,70,3,2,0,0,1,0,,SHM,"Update Harga Perumahan Dagymoi Green Village, Soa Puncak Ternate","Sertifikat Hak Milik 
➡3 kamar tidur 
➡2 kamar mandi 
➡ruang tamu large 
➡ruang keluarga xtra large 
➡ruang makan 
➡taman & teras belakang 
➡dapur 
➡carport 
➡taman depan"
46,04/07/2018,https://dagymoiproperti.wordpress.com/2018/07/04/perumahan-dagymoi-green-village-soa-puncak-ternate/,785,"Ternate, Maluku Utara",120,120,4,3,0,0,1,0,,SHM,"Update Harga Perumahan Dagymoi Green Village, Soa Puncak Ternate","Sertifikat Hak Milik 
➡4 kamar tidur 
➡3 kamar mandi 
➡ruang tamu large 
➡ruang makan 
➡ruang keluarga xtra large 
➡tempat jemur pakaian 
➡taman & teras belakang 
➡dapur 
➡balkon 
➡carport"
47,25/02/2018,https://dagymoiproperti.wordpress.com/2018/02/25/jambula-residence/,300,"Ternate, Maluku Utara",98,70,2,2,0,0,1,0,1100,SHM,Jambula Residence (SOLD),"Tipe 70 Jambula Residence. Fasilitas : 2 kamar tidur, 2 kamar mandi,carport, dapur,taman, ruang tamu, ruang keluarga. Hanya tersedia 4 unit tipe 70 Jambula Residence"
48,25/02/2018,https://dagymoiproperti.wordpress.com/2018/02/25/marabose-permai-bacan-halsel/,168,"Bacan, Maluku Utara",36,98,2,1,0,0,1,0,,SHM,"Marabose Permai, Bacan Halsel","Perumahan Marabose Permai berlokasi di Kota Bacan, Kab. Halmahera Selatan. Perumahan dengan type 36/98 yang memiliki lokasi strategis di Kota Bacan. Tahun 2020 dibangun dengan konsep Baru yang minimalis. Model bangunan terbaru minimalis type 36 dengan luas tanah 98m2. Perumahan Marabose Permai bekerjasama dengan BNI Syariah, yg menawarkan angsuran flat dan tanpa Riba."
49,25/02/2018,https://dagymoiproperti.wordpress.com/2018/02/25/jambula-residence/,141,"Ternate, Maluku Utara",87,36,2,1,0,0,1,0,1100,SHM,Jambula Residence (SOLD),"Tipe 36 Jambula Residence.Cicilan 870rb-an/bulan. Fasilitas 2 kamar tidur, 1 kamar mandi, ruang tamu/keluarga, carport. Tipe 36 Jambula Residence hanya 17 unit"
50,26/08/2017,umah.waa2.co.id/detail?id=a04cea79e8364426510937f5f22df56a&q=rumah%20ambon%20maluku&type=sale,900,"Ambon, Maluku",314,300,8,5,0,0,0,0,,,Rumah dijual rumah kos dijual investasi cerdas untuk masa depan,"Rumah dijual rumah kos dijual investasi cerdas untuk masa depan lokasi strategis sertifikat lengkap aman harga murah dijual rumah rumah kost 8 kamar 5 kamar mandi dan 1 ruang toko harga sewa saat ini 5 kamar 500-700rb. 3 kamar 800-1jt tiap bulan. harga sewa setiap tahun meningkat listrik oke, air sumur melimpah dekat mall terbesar di ambon acc dekat masjid, gereja dan kepolisian didepan jalan aspal tempat parkir ada, lingkungan aman luas tanah 314m2 luas bangunan 300 m2 harga 900juta alamat lorong pln passo ambon maluku telp o85..649..583..956.."
